Genotype,2021-04,2021-05,2021-06,2021-07,2022-11,2022-12
A101,13,24,53,15,0,0
A105,2,0,0,0,0,0
A11,0,1,3,2,0,0
A111,0,1,0,0,0,1
A12,0,0,1,0,1,2
A13,0,0,1,1,0,0
A16,0,0,0,0,0,1
A18,0,0,0,0,1,0
A1B,2,13,124,88,0,0
A2,0,1,1,1,2,1
A20,0,3,4,4,2,0
A21,0,1,2,1,0,0
A22,0,0,3,2,2,3
A23,0,1,9,4,0,0
A24,0,2,7,5,0,1
A25,9,2,7,7,0,0
A28,0,0,5,2,0,0
A29,1,1,7,2,0,0
A30,1,1,9,3,1,0
A31,2,4,3,2,0,0
A32,0,0,0,0,1,0
A33,0,0,0,0,1,1
A34,0,0,0,1,0,0
A38,0,0,0,0,1,0
A39,2,4,20,4,0,0
A45,0,0,0,0,0,1
A46,0,0,4,0,2,4
A47,0,0,2,3,0,0
A49,1,1,7,4,0,0
A53,0,1,0,0,0,0
A54,0,1,0,1,0,0
A58,0,2,3,0,0,0
A59,0,0,0,1,0,0
A60,1,0,3,0,2,0
A61,0,1,5,3,0,1
A62,0,0,0,0,1,0
A63,0,0,1,1,0,0
A64,0,0,0,0,0,1
A66,1,0,3,1,0,0
A67,1,1,6,5,0,0
A68,0,0,0,0,1,0
A7,0,0,0,0,1,0
A73,0,0,0,0,0,1
A78,1,5,16,7,0,0
A80,0,0,3,3,0,0
A85,0,0,1,0,0,1
A9,0,0,0,1,0,0
A94,0,0,1,0,0,0