Genotype,2021-02,2021-04,2021-05,2021-06,2021-07,2022-11,2022-12
A101,2,13,24,53,15,0,0
A105,0,2,0,0,0,0,0
A11,0,0,1,3,2,0,0
A111,0,0,1,0,0,0,1
A12,0,0,0,1,0,1,2
A13,0,0,0,1,1,0,0
A16,0,0,0,0,0,0,1
A18,0,0,0,0,0,1,0
A1B,0,2,13,124,88,0,0
A2,0,0,1,1,1,2,1
A20,0,0,3,4,4,2,0
A21,0,0,1,2,1,0,0
A22,0,0,0,3,2,2,3
A23,0,0,1,9,4,0,0
A24,0,0,2,7,5,0,1
A25,0,9,2,7,7,0,0
A28,0,0,0,5,2,0,0
A29,0,1,1,7,2,0,0
A30,0,1,1,9,3,1,0
A31,0,2,4,3,2,0,0
A32,0,0,0,0,0,1,0
A33,0,0,0,0,0,1,1
A34,0,0,0,0,1,0,0
A38,0,0,0,0,0,1,0
A39,0,2,4,20,4,0,0
A45,0,0,0,0,0,0,1
A46,0,0,0,4,0,2,4
A47,0,0,0,2,3,0,0
A49,0,1,1,7,4,0,0
A53,0,0,1,0,0,0,0
A54,0,0,1,0,1,0,0
A58,0,0,2,3,0,0,0
A59,0,0,0,0,1,0,0
A60,0,1,0,3,0,2,0
A61,0,0,1,5,3,0,1
A62,0,0,0,0,0,1,0
A63,0,0,0,1,1,0,0
A64,0,0,0,0,0,0,1
A66,0,1,0,3,1,0,0
A67,1,1,1,6,5,0,0
A68,0,0,0,0,0,1,0
A7,0,0,0,0,0,1,0
A73,0,0,0,0,0,0,1
A78,0,1,5,16,7,0,0
A80,0,0,0,3,3,0,0
A85,0,0,0,1,0,0,1
A9,0,0,0,0,1,0,0
A94,0,0,0,1,0,0,0
B100,0,1,0,3,0,0,0
B101,0,0,0,1,0,0,0
B107,0,0,0,0,0,1,0
B14,0,0,0,1,0,0,0
B27,1,0,4,3,4,0,1
B3,0,1,2,0,1,0,0
B4,0,0,0,1,0,0,0
B42,0,0,0,0,1,1,2
B48,0,0,0,0,0,2,2
B6,0,4,16,35,17,0,0
B70,0,0,1,1,0,4,4
B72,0,0,0,0,0,1,0
B83,0,0,0,0,0,4,1
B91,0,1,2,0,0,0,0
B92,0,0,0,0,0,3,7
C1,1,1,3,2,3,4,1
C11,3,21,12,5,1,2,0
C13,1,2,3,0,0,0,0
C15,0,3,8,4,1,6,4
C16,0,0,0,0,0,1,0
C17,1,20,13,7,1,2,3
C18,0,0,0,0,0,0,1
C19,0,0,0,0,0,0,1
C2,0,0,0,2,0,0,0
C20,5,13,12,2,0,0,0
C21,0,0,0,0,0,1,0
C23,0,1,1,0,0,0,0
C25,0,0,0,0,0,2,0
C26,0,0,0,0,0,1,2
C27,0,0,0,0,0,1,1
C28,0,0,1,0,0,2,1
C29,0,0,0,0,0,2,0
C3,3,16,4,5,0,0,0
C31,0,1,0,1,0,0,0
C33,0,0,2,2,1,0,0
C34,0,1,1,1,0,0,0
C35,0,0,0,0,0,1,0
C36,0,1,3,3,0,0,0
C4,0,0,0,0,0,2,0
C40,1,0,1,1,0,0,0
C42,0,7,3,5,0,0,0
C43,0,0,1,2,1,0,0
C44,0,3,5,2,0,0,0
C46,0,0,0,0,0,0,3
C53,0,1,0,0,0,0,1
C55,1,0,0,0,0,0,0
C56,3,7,1,1,0,0,0
C6,0,0,1,0,0,0,4
C7,0,0,0,4,0,0,0
C8,0,3,2,1,0,0,0
C9,0,1,0,1,1,0,0